id,label,title,author,year,type,in_degree,out_degree,citation_count
excited_delirium_main,Excited Delirium (Main),Excited Delirium: Main Article,Takeuchi et al.,Unknown,main_paper,0,51,51
Sztajnkrycer_2005,Sztajnkrycer MD (2005),"Cocaine, excited delirium and sudden unexpected death",Sztajnkrycer MD,2005,cited_paper,3,0,3
Karch_1986,Karch SB (1986),Myocardial contraction bands revisited,Karch SB,1986,cited_paper,1,0,1
Levine_2006,Levine S (2006),Cardiac monitoring of subjects exposed to the Taser,Levine S,2006,cited_paper,1,0,1
Barnes_2006,Barnes DG (2006),Cardiac effects of the Taser conducted energy weapon,Barnes DG,2006,cited_paper,1,0,1
Chan_1997,Chan TC (1997),Restraint position and positional asphyxia,Chan TC,1997,cited_paper,2,0,2
Chan_2004,Chan TC (2004),Weight Force During Prone Restraint and Respiratory Function,Chan TC,2004,cited_paper,2,0,2
Glatter_2004,Glatter K (2004),"Positional Asphyxia: inadequate oxygen, or inadequate theory",Glatter K,2004,cited_paper,1,0,1
Karch_2005,Karch S (2005),Cocaine cardiovascular toxicity,Karch S,2005,cited_paper,1,0,1
Bricker_1991,Bricker ME (1991),Left ventricular hypertrophy associated with chronic cocaine abuse,Bricker ME,1991,cited_paper,1,0,1
Karch_1995,Karch S (1995),Myocardial hypertrophy and coronary artery disease in male cocaine users,Karch S,1995,cited_paper,1,0,1
Besse_1994,Besse S (1994),Myocardial effects of acute and chronic cocaine treatment,Besse S,1994,cited_paper,1,0,1
Nassogne_1998,Nassogne MC (1998),Selective direct toxicity of cocaine on fetal mouse neurons: teratogenic implications on neurite and...,Nassogne MC,1998,cited_paper,1,0,1
Seitz_2007,Seitz DP (2007),Antipsychotics in the treatment of delirium: a systematic review,Seitz DP,2007,cited_paper,1,0,1
Strote_2006,Strote J (2006),Taser use in restraint-related deaths,Strote J,2006,cited_paper,2,0,2
Nobay_2004,Nobay F (2004),Dresden GM,Nobay F,2004,cited_paper,1,0,1
Bienik_1998,Bienik SA (1998),A double-blind study of lorazepam versus the combination of haloperidol and lorazepam in managing ag...,Bienik SA,1998,cited_paper,1,0,1
Green_1998,Green SM (1998),"Intramuscular Ketamine for pediatric sedation in the emergency department: safety profile in 1,022 c...",Green SM,1998,cited_paper,1,0,1
Reich_1989,Reich DL (1989),Ketamine: an update on the first twenty five- years of clinical experience,Reich DL,1989,cited_paper,1,0,1
Strayer_2008,Strayer RJ (2008),Adverse events associated with ketamine for procedural sedation in adults,Strayer RJ,2008,cited_paper,1,0,1
48._2007,48. (2007),"Melamed E, Oron Y, Ben-Avraham R, et al",48.,2007,cited_paper,1,0,1
Bourgoin_2003,Bourgoin A (2003),Safety of sedation with ketamine in severe head injury patients: comparison with sufentanil,Bourgoin A,2003,cited_paper,1,0,1
Hanouz_2004,Hanouz J (2004),The ionotropic and lusitropic effects of ketamine in isolated human atrial myocardium: the effect of...,Hanouz J,2004,cited_paper,1,0,1
Allam_2001,Allam S (2001),Cocaine-excited delirium and severe acidosis,Allam S,2001,cited_paper,1,0,1
Podranski_2005,Podranski T (2005),Compartmental pharmacokinetics of dantrolene in adults: do malignant hyperthermia association dosing...,Podranski T,2005,cited_paper,1,0,1
Vilke_2008,Vilke GM (2008),Twelve-lead electrocardiogram monitoring of subjects before and after voluntary exposure to the Tase...,Vilke GM,2008,cited_paper,1,0,1
Karch_1996,Karch SB (1996),Cardiac arrest in cocaine users,Karch SB,1996,cited_paper,1,0,1
Wetli_1996,Wetli CV (1996),Cocaine-associated agitated delirium and neuroleptic malignant syndrome,Wetli CV,1996,cited_paper,2,0,2
Mash_2003,Mash DC (2003),Cocaine abusers have an overexpression of α-synuclein in dopamine neurons,Mash DC,2003,cited_paper,1,0,1
Wetli_1985,Wetli CV (1985),Cocaine-induced psychosis and sudden death in recreational cocaine users,Wetli CV,1985,cited_paper,3,0,3
4._1997,4. (1997),"Ruttenber AJ, Lawler-Heavner J, Yin M, et al",4.,1997,cited_paper,1,0,1
Samuel_2009,Samuel E (2009),Excited Delirium: Consideration of selected medical and psychiatric issues,Samuel E,2009,cited_paper,2,0,2
Stratton_2001,Stratton SJ (2001),Factors associated with sudden death of individuals requiring restraint for excited delirium,Stratton SJ,2001,cited_paper,2,0,2
Fink_1999,Fink M (1999),Delirious mania,Fink M,1999,cited_paper,1,0,1
Morrison_2001,Morrison A (2001),Death of a psychiatric patient during physical restraint,Morrison A,2001,cited_paper,2,0,2
Pollanen_1998,Pollanen MS (1998),Unexpected death related to restraint for excited delirium: a retrospective study of deaths in polic...,Pollanen MS,1998,cited_paper,3,0,3
O’Halloran_1993,O’Halloran (1993),Restraint asphyxiation in excited delirium,O’Halloran,1993,cited_paper,1,0,1
Ruttenber_1999,Ruttenber AJ (1999),Cocaine-associated rhabdomyolysis and excited delirium: different stages of the same syndrome,Ruttenber AJ,1999,cited_paper,3,0,3
Staley_1997,Staley JK (1997),Radioligand binding and immunoautoradiographic evidence for lack of toxicity to dopaminergic nerve t...,Staley JK,1997,cited_paper,1,0,1
Little_1998,Little KY (1998),Brain dopamine transporter messenger RNA and binding sites in cocaine users: a postmortem study,Little KY,1998,cited_paper,1,0,1
Stratton_1995,Stratton SJ (1995),Sudden death in individuals in hobble restraints during paramedic transport,Stratton SJ,1995,cited_paper,2,0,2
Malison_1998,Malison RT (1998),Elevated striatal dopamine transporters during acute abstinence as measured by [123I]Beta-CIT SPECT,Malison RT,1998,cited_paper,1,0,1
Wilson_1996,Wilson JM (1996),"Striatal dopamine, dopamine transporter, and vesicular monoamine transporter in chronic cocaine user...",Wilson JM,1996,cited_paper,1,0,1
Mash_1999,Mash DC (1999),D3 dopamine and kappa opioid receptor alterations in human brain of cocaine-overdose victims,Mash DC,1999,cited_paper,1,0,1
Staley_1995,Staley JK (1995),Altered dopaminergic synaptic markers in cocaine psychosis and sudden death,Staley JK,1995,cited_paper,1,0,1
Schmauss_1993,Schmauss C (1993),Selective loss of dopamine D3-type receptor mRNA expression in parietal and motor cortices of patien...,Schmauss C,1993,cited_paper,1,0,1
Mash_2002,Mash DC (2002),Dopamine transport function is elevated in cocaine users,Mash DC,2002,cited_paper,1,0,1
Pitts_1987,Pitts DK (1987),Cocaine modulation of central monoaminergic neurotransmission,Pitts DK,1987,cited_paper,1,0,1
Rocha_1998,Rocha BA (1998),Cocaine self- administration in dopamine-transporter knock-out mice,Rocha BA,1998,cited_paper,1,0,1
Mash_2000,Mash DC (2000),Serotonin transporters upregulate with chronic cocaine use,Mash DC,2000,cited_paper,2,0,2
Mash_2009,Mash DC (2009),Brain biomarkers for identifying excited delirium as a cause of sudden death,Mash DC,2009,cited_paper,2,0,2
Krause_2005,Krause T (2005),"Dantrolene – a review of its pharmacology, therapeutic use and new developments",Krause T,2005,cited_paper,1,0,1
sudden_death_main,Sudden Death (Main Article),Sudden Death (Main Article),Unknown,Unknown,main_paper,0,20,20
Bell_1849,Bell L (Unknown),"On a form of disease resembling some advanced stages of mania and fever, but so contradistinguished ...",Bell L,Unknown,cited_paper,1,0,1
Kraines_1934,Kraines SH (1934),Bell ’s mania,Kraines SH,1934,cited_paper,1,0,1
Grant_2009,Grant JR (2009),Excited delirium deaths in custody: past and present,Grant JR,2009,cited_paper,2,0,2
Lange_2010,Lange RA (2010),Sudden death in cocaine abusers,Lange RA,2010,cited_paper,1,0,1
Hollander_1995,Hollander JE (1995),Chest pain associated with cocaine: an assessment of prevalence insuburban and urban emergency depar...,Hollander JE,1995,cited_paper,1,0,1
Stephens_2004,Stephens BG (2004),National Asso- ciation of Medical Examiners position paper on the certification ofcocaine-related de...,Stephens BG,2004,cited_paper,1,0,1
DiMaio_2006,DiMaio (2006),Excited delirium syndrome: cause of death and prevention,DiMaio,2006,cited_paper,1,0,1
Gill_2014,Gill JR (2014),The syndrome of excited delirium,Gill JR,2014,cited_paper,1,0,1
Kodikara_2012,Kodikara S (2012),“Excited delirium syndrome ”: is it a cause of death? Leg Med (Tokyo) 2012;14(5):252 –4,Kodikara S,2012,cited_paper,2,0,2
Derlet_1989,Derlet RW (1989),The effect of haloperidol in cocaine and amphetamine intoxication,Derlet RW,1989,cited_paper,1,0,1
Hunsaker_2014,Hunsaker JC (2014),Death in abnormal positions: physical restraint,Hunsaker JC,2014,cited_paper,1,0,1
Wetli_1987,Wetli CV (1987),Fatal cocaine intoxication,Wetli CV,1987,cited_paper,1,0,1
O_1993,O (1993),Restraint asphyxiation in excited delirium,O,1993,cited_paper,2,0,2
Otahbachi_2010,Otahbachi M (2010),"Excited delirium, restraints, and unexpected death: a review of pathogenesis",Otahbachi M,2010,cited_paper,2,0,2
restraint_main,Restraint (Main Article),Restraint (Main Article),Unknown,Unknown,main_paper,0,104,104
Baldwin_2016,Baldwin S (2016),Distinguishing features of excited delirium syndrome in non- fatal use of force encounters,Baldwin S,2016,cited_paper,1,0,1
Hall_2015,Hall C (2015),Restraint in police use of force events: examining sudden in custody death for prone and not-prone p...,Hall C,2015,cited_paper,1,0,1
Hall_2013,Hall CA (2013),Frequency of signs of excited delirium syndrome in subjects undergoing police use of force: descript...,Hall CA,2013,cited_paper,1,0,1
4._2009,4. (2009),"Mash DC, Duque L, Pablo J, Qin Y, Adi N, Hearn WL, et al",4.,2009,cited_paper,1,0,1
Byard_2017,Byard RW (2017),Ongoing issues with the diagnosis of excited delirium,Byard RW,2017,cited_paper,1,0,1
Takeuchi_2011,Takeuchi A (2011),Excited delirium,Takeuchi A,2011,cited_paper,1,0,1
10._2013,10. (2013),"Gordon C, Schmelzer M",10.,2013,cited_paper,1,0,1
Karch_1999,Karch SB (1999),Drug abusers who die during arrest or in custody,Karch SB,1999,cited_paper,1,0,1
Byard_2020,Byard RW (2020),The relationship between positional asphyxia and in- creasing body mass index,Byard RW,2020,cited_paper,1,0,1
Southall_2008,Southall PE (2008),"Police custody deaths in Maryland, USA: an examination of 45 cases",Southall PE,2008,cited_paper,1,0,1
Sullivan_Unknown,Sullivan L (Unknown),Death by excited delirium: diagnosis or coverup?,Sullivan L,Unknown,cited_paper,1,0,1
https://www.npr.org/templates/story/story.php?storyId=_7608,https://www.npr.org/templates/story/story.php?storyId= (2020),npr,https://www.npr.org/templates/story/story.php?storyId=,2020,cited_paper,1,0,1
Ranson_2012,Ranson D (2012),Excited delirium syndrome: a political diagnosis? J Law Med,Ranson D,2012,cited_paper,1,0,1
Vilke_2012,Vilke GM (2012),Excited delirium syndrome (ExDS): defining based on a review of the literature,Vilke GM,2012,cited_paper,1,0,1
Imam_2013,Imam SF (2013),Bath salts intoxication: a case series,Imam SF,2013,cited_paper,1,0,1
Storey_2012,Storey M (2012),Explaining the unexplainable: excited delirium syn- drome and its impact on the objective reasonable...,Storey M,2012,cited_paper,1,0,1
Gonin_2018,Gonin P (2018),Excited delirium: a systematic review,Gonin P,2018,cited_paper,1,0,1
Moher_2009,Moher D (2009),Preferred reporting items for systematic reviews and meta-analyses: the PRISMA statement,Moher D,2009,cited_paper,1,0,1
Price_Unknown,Price T (Unknown),"EMS, crime scene responsibility",Price T,Unknown,cited_paper,1,0,1
24._2014,24. (2014),"Aberegg S, Erickson B, Cowan M",24.,2014,cited_paper,1,0,1
Alciati_1999,Alciati A (1999),Three cases of delirium after “ecstasy ”ingestion,Alciati A,1999,cited_paper,1,0,1
Atherton_2019,Atherton D (2019),n-Ethyl pentylone- related deaths in Alabama,Atherton D,2019,cited_paper,1,0,1
Benzer_2013,Benzer TI (2013),Case 40-2013: a 36-year-old man with agitation and paranoia,Benzer TI,2013,cited_paper,1,0,1
Blaho_2000,Blaho K (2000),Cocaine metabolism in hyperthermic patients with excited deliri- um,Blaho K,2000,cited_paper,1,0,1
Bozeman_2013,Bozeman WP (2013),Long QT syndrome unmasked in an adult subject presenting with excited delirium,Bozeman WP,2013,cited_paper,1,0,1
Bunai_2008,Bunai Y (2008),Fatal hyperthermia asso- ciated with excited delirium during an arrest,Bunai Y,2008,cited_paper,1,0,1
Burnett_2012,Burnett AM (2012),Laryngospasm and hypoxia after intramuscular administration of ketamine to a patient in excited deli...,Burnett AM,2012,cited_paper,1,0,1
Byard_2016,Byard R (2016),Blunt craniofacial trauma as a manifestation of excited delirium caused by new psychoactive substanc...,Byard R,2016,cited_paper,1,0,1
Corstens_2018,Corstens D (2018),Excited delirium syndrome after withdrawal from 10 days long recreationally used GHB,Corstens D,2018,cited_paper,1,0,1
Daugherty_2012,Daugherty J (2012),Acceptance and recognition of excited delirium by law enforcement agencies,Daugherty J,2012,cited_paper,1,0,1
Debelmas_2018,Debelmas A (2018),Case 251: nontraumatic drug-associated rhabdomyolysis of head and neck muscles,Debelmas A,2018,cited_paper,1,0,1
Desharnais_2017,Desharnais B (2017),"A case of fatal idiosyncratic reaction to the designer drug 3,4- methylenedioxypyrovalerone (MDPV) a...",Desharnais B,2017,cited_paper,1,0,1
Downes_2015,Downes MA (2015),Acute behavioural disturbance associated with phenibut pur- chased via an internet supplier,Downes MA,2015,cited_paper,1,0,1
Dyer_2001,Dyer JE (2001),Gamma-hydroxybutyrate withdrawal syndrome,Dyer JE,2001,cited_paper,1,0,1
Feeney_2010,Feeney C (2010),Acute agitated delirious state associated with taser exposure,Feeney C,2010,cited_paper,1,0,1
Fishbain_1981,Fishbain D (1981),"Cocaine intoxication, delirium, and death in a body packer",Fishbain D,1981,cited_paper,1,0,1
Ho_2012,Ho JD (2012),Successful management of excited delirium syndrome with prehospital ketamine: two case examples,Ho JD,2012,cited_paper,1,0,1
Jovel_2014,Jovel A (2014),Delirium due to intoxica- tion from the novel synthetic tryptamine 5-meo-dalt,Jovel A,2014,cited_paper,1,0,1
Kasick_2012,Kasick DP (2012),“Bath salt ”ingestion lead- ing to severe intoxication delirium: two cases and a brief review of the...,Kasick DP,2012,cited_paper,1,0,1
Kennedy_2017,Kennedy DB (2017),Delayed in-custody death involving excited delirium,Kennedy DB,2017,cited_paper,1,0,1
Kesha_2013,Kesha K (2013),Methylenedioxypyrovalerone ( “bath salts ”) related death: case report and review of the literature,Kesha K,2013,cited_paper,1,0,1
Kiely_2009,Kiely E (2009),A fatality from an oral ingestion of methamphetamine,Kiely E,2009,cited_paper,1,0,1
Kowalski_2017,Kowalski JM (2017),A novel agent for management of agitated delirium,Kowalski JM,2017,cited_paper,1,0,1
Kristofic_2016,Kristofic JJ (2016),Detection of 25C-NBOMe in three related cases,Kristofic JJ,2016,cited_paper,1,0,1
Kunz_2018,Kunz SN (2018),Restraint-related as- phyxia on the basis of a drug-induced excited delirium,Kunz SN,2018,cited_paper,1,0,1
Labay_2016,Labay LM (2016),Synthetic cannabinoid drug use as a cause or contribu- tory cause of death,Labay LM,2016,cited_paper,1,0,1
Lucena_2010,Lucena J (2010),Cocaine-related sudden death: a prospective investigation in south-West Spain,Lucena J,2010,cited_paper,1,0,1
Lusthof_2011,Lusthof KJ (2011),A case of extreme agitation and death after the use of mephedrone in the Netherlands,Lusthof KJ,2011,cited_paper,1,0,1
McDaniel_2001,McDaniel (2001),Gamma hydroxybutyrate (GHB) and gamma butyrolactone (GBL) withdrawal: five case studies,McDaniel,2001,cited_paper,1,0,1
Menaker_2011,Menaker J (2011),Cocaine-induced agitated delirium with associated hy- perthermia: a case report,Menaker J,2011,cited_paper,1,0,1
Miller_1998,Miller C (1998),A restraint asphyxia “near-death ”case study,Miller C,1998,cited_paper,1,0,1
Mirchandani_1994,Mirchandani H (1994),"Cocaine- induced agitated delirium, forceful struggle, and minor head inju- ry",Mirchandani H,1994,cited_paper,1,0,1
Murphy_2012,Murphy CM (2012),“Bath salts ” and “plant food ”products: the experience of one regional US poison center,Murphy CM,2012,cited_paper,1,0,1
Murray_2012,Murray BL (2012),"Death following recrea- tional use of designer drug “bath salts ”containing 3,4- Methylenedioxypyrov...",Murray BL,2012,cited_paper,1,0,1
O_2000,O (2000),Asphyxial death during prone restraint revisited: a report of 21 cases,O,2000,cited_paper,1,0,1
Park_2001,Park K (2001),Agitated delirium and sudden death: two case reports,Park K,2001,cited_paper,1,0,1
Penders_2012,Penders TM (2012),Intoxication delirium following use of synthetic cathinone derivatives,Penders TM,2012,cited_paper,1,0,1
Pestaner_2003,Pestaner JP (2003),Sudden death during arrest and phency- clidine intoxication,Pestaner JP,2003,cited_paper,1,0,1
Plush_2015,Plush T (2015),Cocaine-induced agitated delirium: a case report and review,Plush T,2015,cited_paper,1,0,1
Pritchard_2014,Pritchard A (2014),Ketamine sedation during air medical retrieval of an agitated patient,Pritchard A,2014,cited_paper,1,0,1
Rayamane_2015,Rayamane A (2015),Case-series on death of physically restrained patients in de- addiction centers due to excit ed deli...,Rayamane A,2015,cited_paper,1,0,1
Reichmuth_2015,Reichmuth P (2015),Unintentional baclofen intox- ication in the management of alcohol use disorder,Reichmuth P,2015,cited_paper,1,0,1
Scaggs_2016,Scaggs TR (2016),Prehospital ketamine is a safe and effective treatment for excited delirium in a community hospital ...,Scaggs TR,2016,cited_paper,1,0,1
Schiavone_2016,Schiavone S (2016),The role of the NADPH oxidase derived brain oxidative stress in the cocaine-related death associated...,Schiavone S,2016,cited_paper,1,0,1
Shields_2015,Shields LBE (2015),Sudden death due to acute cocaine toxicity-excited delirium in a body packer,Shields LBE,2015,cited_paper,1,0,1
Śliwicka_2019,Śliwicka (2019),Three postmor- tem case reports of the excited delirium syndrome –A short com- parison,Śliwicka,2019,cited_paper,1,0,1
Wiebe_2008,Wiebe T (2008),Angel ’st r u m p e t( D a t u r as t r a m o - nium) poisoning and delirium,Wiebe T,2008,cited_paper,1,0,1
81._2018,81. (2018),"Cole JB, Klein LR, Nystrom PC, Moore JC, Driver BE, Fryza BJ, et al",81.,2018,cited_paper,1,0,1
82._2016,82. (2016),"Ezaki J, Ro A, Hasegawa M, Kibayashi K",82.,2016,cited_paper,1,0,1
Gray_2007,Gray SD (2007),Amphetamine-related presentations to an inner-city tertiary emer- gency department: a prospective ev...,Gray SD,2007,cited_paper,1,0,1
Ho_2009,Ho JD (2009),Unexpected arrest-related deaths in America: 12 months of open source surveillance,Ho JD,2009,cited_paper,1,0,1
Li_2019,Li M (2019),Evaluation of ketamine for excited delirium syndrome in the adult emergency department,Li M,2019,cited_paper,1,0,1
Michaud_2004,Michaud A (2004),Restraint related deaths and excited delirium syndrome in Ontario (2004-2011),Michaud A,2004,cited_paper,1,0,1
Miner_2018,Miner JR (2018),The characteristics and prevalence of agitation in an urban county emergency department,Miner JR,2018,cited_paper,1,0,1
Mo_2020,Mo H (2020),Ketamine safety and use in the emergency department for pain and agitation / delirium : A health sys...,Mo H,2020,cited_paper,1,0,1
Ross_1998,Ross DL (1998),Factors associated with excited delirium deaths in police custody,Ross DL,1998,cited_paper,1,0,1
Strote_2014,Strote J (2014),Medical con- ditions and restraint in patients experiencing excited delirium,Strote J,2014,cited_paper,1,0,1
Vilke_2019,Vilke GM (2019),EXCITATION study: unexplained in-custody deaths: eval- uating biomarkers of stress and agitation,Vilke GM,2019,cited_paper,1,0,1
Meth_2020,Meth F (2020),https:// drugabuse,Meth F,2020,cited_paper,1,0,1
State_1722,State (2020),DOT HS 809 642,State,2020,cited_paper,1,0,1
DeBard_2009,DeBard (2009),White paper report on excited delirium syn- drome,DeBard,2009,cited_paper,1,0,1
98._2007,98. (2007),"Barnett JH, Werners U, Secher SM, Hill KE, Brazil R, Masson K, et al",98.,2007,cited_paper,1,0,1
Michalewicz_2007,Michalewicz BA (2007),Ventilatory and metabolic demands during aggres- sive physical restraint in healthy adults,Michalewicz BA,2007,cited_paper,1,0,1
Savaser_2013,Savaser DJ (2013),The effect of the prone maximal restraint position with and without weight force on cardiac output a...,Savaser DJ,2013,cited_paper,1,0,1
Healthcare_2019,Healthcare C (2019),2019,Healthcare C,2019,cited_paper,1,0,1
Acceptance_2012,Acceptance (2012),2012,Acceptance,2012,cited_paper,1,0,1
J_2019,J (2019),2019,J,2019,cited_paper,1,0,1
Am_2009,Am C (2009),2009,Am C,2009,cited_paper,1,0,1
