source,target,source_title,target_title,target_author,target_year,weight,edge_type,full_citation
excited_delirium_main,Sztajnkrycer_2005,Excited Delirium (Main Article),"Cocaine, excited delirium and sudden unexpected death",Sztajnkrycer MD,2005,1,citation,"Sztajnkrycer MD, Baezz AA. Cocaine, excited delirium and sudden unexpected death. Emerg Med Serv . 2005; 34(4):77-81."
excited_delirium_main,Karch_1986,Excited Delirium (Main Article),Myocardial contraction bands revisited,Karch SB,1986,1,citation,"Karch SB, Billingham ME. Myocardial contraction bands revisited. Hum Pathol . 1986; 17:9-13."
excited_delirium_main,Levine_2006,Excited Delirium (Main Article),Cardiac monitoring of subjects exposed to the Taser,Levine S,2006,1,citation,"Levine S, Sloane, C, Chan T, et al. Cardiac monitoring of subjects exposed to the Taser. Prehosp Emerg Care . 2006; 10(1):130."
excited_delirium_main,Barnes_2006,Excited Delirium (Main Article),Cardiac effects of the Taser conducted energy weapon,Barnes DG,2006,1,citation,"Barnes DG, Winslow III JE, Alson RL, et al. Cardiac effects of the Taser conducted energy weapon. Ann Emerg Med . 2006; 48(4 Supp 1):S102."
excited_delirium_main,Chan_1997,Excited Delirium (Main Article),Restraint position and positional asphyxia,Chan TC,1997,1,citation,"Chan TC, Vilke GM, Neuman T, et al. Restraint position and positional asphyxia. Ann Emer Med. 1997; 30(5):578-86."
excited_delirium_main,Chan_2004,Excited Delirium (Main Article),Weight Force During Prone Restraint and Respiratory Function,Chan TC,2004,1,citation,"Chan TC, Neuman T, Clausen J, et al. Weight Force During Prone Restraint and Respiratory Function. Am J Forensic Med Pathol . 2004; 25(3):185-9."
excited_delirium_main,Glatter_2004,Excited Delirium (Main Article),"Positional Asphyxia: inadequate oxygen, or inadequate theory",Glatter K,2004,1,citation,"Glatter K, Karch SB. Positional Asphyxia: inadequate oxygen, or inadequate theory. Forensic Sci Int. 2004; 141(2-3):201-2."
excited_delirium_main,Karch_2005,Excited Delirium (Main Article),Cocaine cardiovascular toxicity,Karch S,2005,1,citation,Karch S. Cocaine cardiovascular toxicity. South Med J . 2005; 98(8):794-9.
excited_delirium_main,Bricker_1991,Excited Delirium (Main Article),Left ventricular hypertrophy associated with chronic cocaine abuse,Bricker ME,1991,1,citation,"Bricker ME, Willard JE, Eichhorn EJ, et al. Left ventricular hypertrophy associated with chronic cocaine abuse. Circulation . 1991; 84:1130-5."
excited_delirium_main,Karch_1995,Excited Delirium (Main Article),Myocardial hypertrophy and coronary artery disease in male cocaine users,Karch S,1995,1,citation,"Karch S, Green G, Young S. Myocardial hypertrophy and coronary artery disease in male cocaine users. J Forensic Sci . 1995; 40:591-6."
excited_delirium_main,Besse_1994,Excited Delirium (Main Article),Myocardial effects of acute and chronic cocaine treatment,Besse S,1994,1,citation,"Besse S, Assayag P, Latour C, et al. Myocardial effects of acute and chronic cocaine treatment. Circulation . 1994; 90(4, pt 2):I-580 (abstr)."
excited_delirium_main,Nassogne_1998,Excited Delirium (Main Article),Selective direct toxicity of cocaine on fetal mouse neurons: teratogenic implications on neurite and...,Nassogne MC,1998,1,citation,"Nassogne MC, Evrard P, Courtoy PJ. Selective direct toxicity of cocaine on fetal mouse neurons: teratogenic implications on neurite and apoptotic neuronal loss. Ann N Y Acad Sci . 1998; 846:51-68."
excited_delirium_main,Seitz_2007,Excited Delirium (Main Article),Antipsychotics in the treatment of delirium: a systematic review,Seitz DP,2007,1,citation,"Seitz DP, Gill SS, Van Zyl LT. Antipsychotics in the treatment of delirium: a systematic review. J Clin Psychiatry . 2007; 68(1):11-21."
excited_delirium_main,Strote_2006,Excited Delirium (Main Article),Taser use in restraint-related deaths,Strote J,2006,1,citation,"Strote J, Range Hutson H. Taser use in restraint-related deaths. Prehosp Emerg Care . 2006; 10(4):447-50."
excited_delirium_main,Nobay_2004,Excited Delirium (Main Article),Dresden GM,Nobay F,2004,1,citation,"Nobay F, Simon BC, Levitt MA, et al. Dresden GM. A prospective, double-blind, randomized trial of midazolam versus haloperidol versus lorazepam in the chemical restraint of violent and severely agitated patients. Acad Emerg Med . 2004; 11(7):744-9.43. Battaglia J, Moss S, Rush J, et al. Haloperidol, lorazepam, or both for psychotic agitation? A multicenter, prospective, double-blinded, emergency department study. Am J Emerg Med . 1997; 15(4):335-40."
excited_delirium_main,Bienik_1998,Excited Delirium (Main Article),A double-blind study of lorazepam versus the combination of haloperidol and lorazepam in managing ag...,Bienik SA,1998,1,citation,"Bienik SA, et al. A double-blind study of lorazepam versus the combination of haloperidol and lorazepam in managing agitation. Pharmacotherapy . 1998; 18(1):57-62."
excited_delirium_main,Green_1998,Excited Delirium (Main Article),"Intramuscular Ketamine for pediatric sedation in the emergency department: safety profile in 1,022 c...",Green SM,1998,1,citation,"Green SM, Rothrock SG, Lynch EL, et al. Intramuscular Ketamine for pediatric sedation in the emergency department: safety profile in 1,022 cases. Ann Emerg Med. 1998; 31(6):688-97."
excited_delirium_main,Reich_1989,Excited Delirium (Main Article),Ketamine: an update on the first twenty five- years of clinical experience,Reich DL,1989,1,citation,"Reich DL, Silvay G. Ketamine: an update on the first twenty five- years of clinical experience. Can J Anaesth . 1989; 36(2):186-97."
excited_delirium_main,Strayer_2008,Excited Delirium (Main Article),Adverse events associated with ketamine for procedural sedation in adults,Strayer RJ,2008,1,citation,"Strayer RJ, Nelson LS. Adverse events associated with ketamine for procedural sedation in adults. Am J Emerg Med . 2008; 26(9):985-"
excited_delirium_main,48._2007,Excited Delirium (Main Article),"Melamed E, Oron Y, Ben-Avraham R, et al",48.,2007,1,citation,"48. Melamed E, Oron Y, Ben-Avraham R, et al. The combative multitrauma patient: a protocol for prehospital management. Euro J Emerg Med . 2007; 14(5):265-8."
excited_delirium_main,Bourgoin_2003,Excited Delirium (Main Article),Safety of sedation with ketamine in severe head injury patients: comparison with sufentanil,Bourgoin A,2003,1,citation,"Bourgoin A, Albanèse J, Wereszczynski N, et al. Safety of sedation with ketamine in severe head injury patients: comparison with sufentanil. Crit Care Med . 2003; 31:711."
excited_delirium_main,Hanouz_2004,Excited Delirium (Main Article),The ionotropic and lusitropic effects of ketamine in isolated human atrial myocardium: the effect of...,Hanouz J,2004,1,citation,"Hanouz J-L, Persehaye E, Zhu L, et al. The ionotropic and lusitropic effects of ketamine in isolated human atrial myocardium: the effect of adrenoreceptor blockade. Anesth Analg . 2004; 99:1689-95."
excited_delirium_main,Allam_2001,Excited Delirium (Main Article),Cocaine-excited delirium and severe acidosis,Allam S,2001,1,citation,"Allam S, Noble JS. Cocaine-excited delirium and severe acidosis. Anesthesia . 2001; 56(4):385-6."
excited_delirium_main,Podranski_2005,Excited Delirium (Main Article),Compartmental pharmacokinetics of dantrolene in adults: do malignant hyperthermia association dosing...,Podranski T,2005,1,citation,"Podranski T, Bouillon T, Schumacher PM, et al. Compartmental pharmacokinetics of dantrolene in adults: do malignant hyperthermia association dosing guidelines work? Anesth Analg. 2005; 101:1695-9."
excited_delirium_main,Vilke_2008,Excited Delirium (Main Article),Twelve-lead electrocardiogram monitoring of subjects before and after voluntary exposure to the Tase...,Vilke GM,2008,1,citation,"Vilke GM, Sloane C, Levine S, et al. Twelve-lead electrocardiogram monitoring of subjects before and after voluntary exposure to the Taser X26. Am J Emerg Med . 2008; 26:1-4.Excited Delirium Takeuchi et al. V olume XII, no. 1 : February 2011 83 Western Journal of Emergency Medicine"
excited_delirium_main,Karch_1996,Excited Delirium (Main Article),Cardiac arrest in cocaine users,Karch SB,1996,1,citation,Karch SB. Cardiac arrest in cocaine users. Am J Emerg Med . 1996; 14(1):79-8.
excited_delirium_main,Wetli_1996,Excited Delirium (Main Article),Cocaine-associated agitated delirium and neuroleptic malignant syndrome,Wetli CV,1996,1,citation,"Wetli CV, Mash D, Karch SB. Cocaine-associated agitated delirium and neuroleptic malignant syndrome. Am J Emerg Med . 1996; 14(4):425-8 ."
excited_delirium_main,Mash_2003,Excited Delirium (Main Article),Cocaine abusers have an overexpression of α-synuclein in dopamine neurons,Mash DC,2003,1,citation,"Mash DC, Ouyang Q, Pablo J, et al. Cocaine abusers have an overexpression of α-synuclein in dopamine neurons. J Neurosci . 2003; 23(7):2564-71."
excited_delirium_main,Wetli_1985,Excited Delirium (Main Article),Cocaine-induced psychosis and sudden death in recreational cocaine users,Wetli CV,1985,1,citation,"Wetli CV, Fishbain DA. Cocaine-induced psychosis and sudden death in recreational cocaine users. J Forensic Sci . 1985; 30(3) :873-"
excited_delirium_main,4._1997,Excited Delirium (Main Article),"Ruttenber AJ, Lawler-Heavner J, Yin M, et al",4.,1997,1,citation,"4. Ruttenber AJ, Lawler-Heavner J, Yin M, et al. Fatal excited delirium following cocaine use: epidemiologic findings provide new evidence for mechanisms of cocaine toxicity. J Forensic Sci. 1997; 42(1):25-31."
excited_delirium_main,Samuel_2009,Excited Delirium (Main Article),Excited Delirium: Consideration of selected medical and psychiatric issues,Samuel E,2009,1,citation,"Samuel E, Williams RB, Ferrell RB. Excited Delirium: Consideration of selected medical and psychiatric issues. Neuropsychiatric Disease and Treatment . 2009; 5:61-6 ."
excited_delirium_main,Stratton_2001,Excited Delirium (Main Article),Factors associated with sudden death of individuals requiring restraint for excited delirium,Stratton SJ,2001,1,citation,"Stratton SJ, Rogers C, Brickett K, et al. Factors associated with sudden death of individuals requiring restraint for excited delirium. Am J Emerg Med . 2001; 19(3):187-91."
excited_delirium_main,Fink_1999,Excited Delirium (Main Article),Delirious mania,Fink M,1999,1,citation,Fink M. Delirious mania. Bipolar Disord . 1999; 1(1):54-60.
excited_delirium_main,Morrison_2001,Excited Delirium (Main Article),Death of a psychiatric patient during physical restraint,Morrison A,2001,1,citation,"Morrison A, Sadler D. Death of a psychiatric patient during physical restraint. Med Sci Law. 2001; 41(1):46-50."
excited_delirium_main,Pollanen_1998,Excited Delirium (Main Article),Unexpected death related to restraint for excited delirium: a retrospective study of deaths in polic...,Pollanen MS,1998,1,citation,"Pollanen MS, Chiasson DA, Cairns JT, et al. Unexpected death related to restraint for excited delirium: a retrospective study of deaths in police custody and in the community. CMAJ . 1998; 158(12):1603-7."
excited_delirium_main,O’Halloran_1993,Excited Delirium (Main Article),Restraint asphyxiation in excited delirium,O’Halloran,1993,1,citation,"O’Halloran RL, Lewman LV. Restraint asphyxiation in excited delirium. Am J Forensic Med Pathol. 1993; 14(4):289-95."
excited_delirium_main,Ruttenber_1999,Excited Delirium (Main Article),Cocaine-associated rhabdomyolysis and excited delirium: different stages of the same syndrome,Ruttenber AJ,1999,1,citation,"Ruttenber AJ, McAnally HB, Wetli CV. Cocaine-associated rhabdomyolysis and excited delirium: different stages of the same syndrome. Am J Forensic Med Pathol . 1999; 20(2):120-7.12. Stephens BG, Jentzen JM, Karch S, et al. Criteria for the interpretation of cocaine levels human biological samples and their relation to the cause of death. Am J Forensic Med Pathol . 2004; 25:1-10."
excited_delirium_main,Staley_1997,Excited Delirium (Main Article),Radioligand binding and immunoautoradiographic evidence for lack of toxicity to dopaminergic nerve t...,Staley JK,1997,1,citation,"Staley JK, Talbot JZ, Ciliax BJ, et al. Radioligand binding and immunoautoradiographic evidence for lack of toxicity to dopaminergic nerve terminals in human cocaine overdose victims. Brain Res. 1997; 747(2):219-29."
excited_delirium_main,Little_1998,Excited Delirium (Main Article),Brain dopamine transporter messenger RNA and binding sites in cocaine users: a postmortem study,Little KY,1998,1,citation,"Little KY, McLaughlin DP, Zhang L, et al. Brain dopamine transporter messenger RNA and binding sites in cocaine users: a postmortem study. Arch Gen Psychiatry . 1998; (55):793-9."
excited_delirium_main,Stratton_1995,Excited Delirium (Main Article),Sudden death in individuals in hobble restraints during paramedic transport,Stratton SJ,1995,1,citation,"Stratton SJ, Rogers C, Green K. Sudden death in individuals in hobble restraints during paramedic transport. Ann Emerg Med. 1995; 25(5):710-2."
excited_delirium_main,Malison_1998,Excited Delirium (Main Article),Elevated striatal dopamine transporters during acute abstinence as measured by [123I]Beta-CIT SPECT,Malison RT,1998,1,citation,"Malison RT, Best SE, Van Dyck CH, et al. Elevated striatal dopamine transporters during acute abstinence as measured by [123I]Beta-CIT SPECT. Am J Psychiatry . 1998; (155):832-4."
excited_delirium_main,Wilson_1996,Excited Delirium (Main Article),"Striatal dopamine, dopamine transporter, and vesicular monoamine transporter in chronic cocaine user...",Wilson JM,1996,1,citation,"Wilson JM, Levey AI, Bergeron C, et al. Striatal dopamine, dopamine transporter, and vesicular monoamine transporter in chronic cocaine users. Ann Neurol . 1996; 40:428-39."
excited_delirium_main,Mash_1999,Excited Delirium (Main Article),D3 dopamine and kappa opioid receptor alterations in human brain of cocaine-overdose victims,Mash DC,1999,1,citation,"Mash DC, Staley JK. D3 dopamine and kappa opioid receptor alterations in human brain of cocaine-overdose victims. Ann N Y Acad Sci . 1999; 877:507-22."
excited_delirium_main,Staley_1995,Excited Delirium (Main Article),Altered dopaminergic synaptic markers in cocaine psychosis and sudden death,Staley JK,1995,1,citation,"Staley JK, Welti CV, Ruttenber AJ, et al. Altered dopaminergic synaptic markers in cocaine psychosis and sudden death. NIDA Res Monogr Series. 1995; 153:491."
excited_delirium_main,Schmauss_1993,Excited Delirium (Main Article),Selective loss of dopamine D3-type receptor mRNA expression in parietal and motor cortices of patien...,Schmauss C,1993,1,citation,"Schmauss C, Haroutunian V, Davis KL, et al. Selective loss of dopamine D3-type receptor mRNA expression in parietal and motor cortices of patients with chronic schizophrenia. Proc Natl Acad Sci . 1993; 90(19):8942-6."
excited_delirium_main,Mash_2002,Excited Delirium (Main Article),Dopamine transport function is elevated in cocaine users,Mash DC,2002,1,citation,"Mash DC, Pablo J, Ouyang Q, et al. Dopamine transport function is elevated in cocaine users. J Neurochem . 2002; 81(2):292-300."
excited_delirium_main,Pitts_1987,Excited Delirium (Main Article),Cocaine modulation of central monoaminergic neurotransmission,Pitts DK,1987,1,citation,"Pitts DK, Marwah J. Cocaine modulation of central monoaminergic neurotransmission. Pharmacol Biochem Behav . 1987; 26(2):453-61."
excited_delirium_main,Rocha_1998,Excited Delirium (Main Article),Cocaine self- administration in dopamine-transporter knock-out mice,Rocha BA,1998,1,citation,"Rocha BA, Fumagaffi F, Gainetdinov RR, et al. Cocaine self- administration in dopamine-transporter knock-out mice. Nat Neurosci . 1998;1(2):132-7."
excited_delirium_main,Mash_2000,Excited Delirium (Main Article),Serotonin transporters upregulate with chronic cocaine use,Mash DC,2000,1,citation,"Mash DC, Staley JK, Izenwasser S, et al. Serotonin transporters upregulate with chronic cocaine use. J Chem Neuroanat. 2000; 20(3- 4):271-80."
excited_delirium_main,Mash_2009,Excited Delirium (Main Article),Brain biomarkers for identifying excited delirium as a cause of sudden death,Mash DC,2009,1,citation,"Mash DC, Duque L, Pablo J, et al. Brain biomarkers for identifying excited delirium as a cause of sudden death. Forensic Sci Int . 2009;190(1-3):e13-9. Epub 2009 Jun 21."
excited_delirium_main,Krause_2005,Excited Delirium (Main Article),"Dantrolene – a review of its pharmacology, therapeutic use and new developments",Krause T,2005,1,citation,"Krause T, Gerbershagen MU, Fiege M, et al. Dantrolene – a review of its pharmacology, therapeutic use and new developments. Anaesthesia . 2005; 59:364-73.Takeuchi et al. Excited Delirium"
sudden_death_main,Bell_1849,Sudden Death (Main Article),"On a form of disease resembling some advanced stages of mania and fever, but so contradistinguished ...",Bell L,Unknown,1,citation,"Bell L. On a form of disease resembling some advanced stages of mania and fever, but so contradistinguished from any ordinarily observed or described combination of symptoms as to render it probable that it maybe an overlooked and hitherto unrecorded malady. Am J Insanity1849;6:97 –127."
sudden_death_main,Kraines_1934,Sudden Death (Main Article),Bell ’s mania,Kraines SH,1934,1,citation,Kraines SH. Bell ’s mania. Am J Psychiatry 1934;91:29 –40.
sudden_death_main,Wetli_1985,Sudden Death (Main Article),Cocaine-induced psychosis and sudden death in recreational cocaine users,Wetli CV,1985,1,citation,"Wetli CV, Fishbain DA. Cocaine-induced psychosis and sudden death in recreational cocaine users. J Forensic Sci 1985;30(3):873 –80."
sudden_death_main,Wetli_1996,Sudden Death (Main Article),Cocaine-associated agitated delirium and the neuroleptic malignant syndrome,Wetli CV,1996,1,citation,"Wetli CV, Mash D, Karch SB. Cocaine-associated agitated delirium and the neuroleptic malignant syndrome. Am J Emerg Med 1996;14(4):425 –8."
sudden_death_main,Grant_2009,Sudden Death (Main Article),Excited delirium deaths in custody: past and present,Grant JR,2009,1,citation,"Grant JR, Southall PE, Mealey J, Scott SR, Fowler DR. Excited delirium deaths in custody: past and present. Am J Forensic Med Pathol 2009;30(1):1 –5."
sudden_death_main,Lange_2010,Sudden Death (Main Article),Sudden death in cocaine abusers,Lange RA,2010,1,citation,"Lange RA, Hillis LD. Sudden death in cocaine abusers. Eur Heart J 2010;31(3):271 –3."
sudden_death_main,Hollander_1995,Sudden Death (Main Article),Chest pain associated with cocaine: an assessment of prevalence insuburban and urban emergency depar...,Hollander JE,1995,1,citation,"Hollander JE, Todd KH, Green G, Heilpern KL, Karras DJ, Singer AJ, et al. Chest pain associated with cocaine: an assessment of prevalence insuburban and urban emergency departments. Ann Emerg Med 1995;26(6):671 –6."
sudden_death_main,Stephens_2004,Sudden Death (Main Article),National Asso- ciation of Medical Examiners position paper on the certification ofcocaine-related de...,Stephens BG,2004,1,citation,"Stephens BG, Jentzen JM, Karch S, Wetli CV, Mash DC. National Asso- ciation of Medical Examiners position paper on the certification ofcocaine-related deaths. Am J Forensic Med Pathol 2004;25(1):11 –13."
sudden_death_main,DiMaio_2006,Sudden Death (Main Article),Excited delirium syndrome: cause of death and prevention,DiMaio,2006,1,citation,"DiMaio TG, DiMaio VJ. Excited delirium syndrome: cause of death and prevention. Boca Raton, FL: CRC Press, 2006."
sudden_death_main,Gill_2014,Sudden Death (Main Article),The syndrome of excited delirium,Gill JR,2014,1,citation,Gill JR. The syndrome of excited delirium. Forensic Sci Med Pathol 2014;10(2):223 –8.
sudden_death_main,Kodikara_2012,Sudden Death (Main Article),“Excited delirium syndrome ”: is it a cause of death? Leg Med (Tokyo) 2012;14(5):252 –4,Kodikara S,2012,1,citation,"Kodikara S, Cunningham K, Pollanen MS. “Excited delirium syndrome ”: is it a cause of death? Leg Med (Tokyo) 2012;14(5):252 –4."
sudden_death_main,Mash_2009,Sudden Death (Main Article),Brain biomarkers for identifying excited delirium as a cause of sudden death,Mash DC,2009,1,citation,"Mash DC, Duque L, Pablo J, Qin Y, Adi N, Hearn WL, et al. Brain biomarkers for identifying excited delirium as a cause of sudden death.Forensic Sci Int 2009;190(1 –3):e13 –19."
sudden_death_main,Derlet_1989,Sudden Death (Main Article),The effect of haloperidol in cocaine and amphetamine intoxication,Derlet RW,1989,1,citation,"Derlet RW, Albertson TE, Rice P. The effect of haloperidol in cocaine and amphetamine intoxication. J Emerg Med 1989;7(6):633 –7."
sudden_death_main,Hunsaker_2014,Sudden Death (Main Article),Death in abnormal positions: physical restraint,Hunsaker JC,2014,1,citation,"Hunsaker JC. Death in abnormal positions: physical restraint. In: Madea B, editor. Handbook of forensic medicine. Hoboken, PA: Wiley Black-well, 2014;528 –538."
sudden_death_main,Ruttenber_1999,Sudden Death (Main Article),Cocaine-associated rhabdomyol- ysis and excited delirium: different stages of the same syndrome,Ruttenber AJ,1999,1,citation,"Ruttenber AJ, McAnally HB, Wetli CV. Cocaine-associated rhabdomyol- ysis and excited delirium: different stages of the same syndrome. Am J Forensic Med Pathol 1999;20(2):120 –7."
sudden_death_main,Sztajnkrycer_2005,Sudden Death (Main Article),"Cocaine, excited delirium and sudden unex- pected death",Sztajnkrycer MD,2005,1,citation,"Sztajnkrycer MD, Baez AA. Cocaine, excited delirium and sudden unex- pected death. Emerg Med Serv 2005;34(4):77 –81."
sudden_death_main,Wetli_1987,Sudden Death (Main Article),Fatal cocaine intoxication,Wetli CV,1987,1,citation,Wetli CV. Fatal cocaine intoxication. A review. Am J Forensic Med Pathol 1987;8(1):1 –2.
sudden_death_main,O_1993,Sudden Death (Main Article),Restraint asphyxiation in excited delirium,O,1993,1,citation,"O ’Halloran RL, Lewman LV. Restraint asphyxiation in excited delirium. Am J Forensic Med Pathol 1993;14(4):289 –95."
sudden_death_main,Otahbachi_2010,Sudden Death (Main Article),"Excited delirium, restraints, and unexpected death: a review of pathogenesis",Otahbachi M,2010,1,citation,"Otahbachi M, Cevik C, Bagdure S, Nugent K. Excited delirium, restraints, and unexpected death: a review of pathogenesis. Am J Foren-sic Med Pathol 2010;31(2):107 –12."
sudden_death_main,Pollanen_1998,Sudden Death (Main Article),Unexpected death related to restraint for excited delirium: a retrospective study of deaths inpolice...,Pollanen MS,1998,1,citation,"Pollanen MS, Chiasson DA, Cairns JT, Young JG. Unexpected death related to restraint for excited delirium: a retrospective study of deaths inpolice custody and in the community. CMAJ 1998;158(12):1603 –7.1650 JOURNAL OF FORENSIC SCIENCES 15564029, 2015, 6, Downloaded from https://onlinelibrary.wiley.com/doi/10.1111/1556-4029.12860 by Denison University Library, Wiley Online Library on [20/11/2025]. See the Terms and Conditions (https://onlinelibrary.wiley.com/terms-and-conditions) on Wiley Online Library for rules of use; OA articles are governed by the applicable Creative Commons License"
restraint_main,Baldwin_2016,Restraint (Main Article),Distinguishing features of excited delirium syndrome in non- fatal use of force encounters,Baldwin S,2016,1,citation,"Baldwin S, Hall C, Bennell C, Blaskovits B, Lawrence C. Distinguishing features of excited delirium syndrome in non- fatal use of force encounters. J Forensic Legal Med. 2016;41: 21–7."
restraint_main,Hall_2015,Restraint (Main Article),Restraint in police use of force events: examining sudden in custody death for prone and not-prone p...,Hall C,2015,1,citation,"Hall C, Votova K, Heyd C, Walker M, Macdonald S, Eramian D, et al. Restraint in police use of force events: examining sudden in custody death for prone and not-prone positions. J Forensic Legal Med. 2015;31:29 –35."
restraint_main,Hall_2013,Restraint (Main Article),Frequency of signs of excited delirium syndrome in subjects undergoing police use of force: descript...,Hall CA,2013,1,citation,"Hall CA, Kader AS, McHale AMD, Stewart L, Fick GH, Vilke GM. Frequency of signs of excited delirium syndrome in subjects undergoing police use of force: descriptive evaluation of a pro- spective, consecutive cohort. J Forensic Legal Med. 2013;20:102 –"
restraint_main,4._2009,Restraint (Main Article),"Mash DC, Duque L, Pablo J, Qin Y, Adi N, Hearn WL, et al",4.,2009,1,citation,"4. Mash DC, Duque L, Pablo J, Qin Y, Adi N, Hearn WL, et al. Brain biomarkers for identifying excited delirium as a cause of sudden death. Forensic Sci Int. 2009;190:e13 –9."
restraint_main,Byard_2017,Restraint (Main Article),Ongoing issues with the diagnosis of excited delirium,Byard RW,2017,1,citation,Byard RW. Ongoing issues with the diagnosis of excited delirium. Forensic Sci Med Pathol. 2017;14:149 –51.
restraint_main,Takeuchi_2011,Restraint (Main Article),Excited delirium,Takeuchi A,2011,1,citation,"Takeuchi A, Ahern TL, Henderson SO. Excited delirium. West J Emerg Med. 2011;12:77 –83."
restraint_main,Pollanen_1998,Restraint (Main Article),Unexpected death related to restraint for excited delirium: a retrospective study of deaths in polic...,Pollanen MS,1998,1,citation,"Pollanen MS, Chiasson DA, Cairns JT, Young JG. Unexpected death related to restraint for excited delirium: a retrospective study of deaths in police custody and in the community. CMAJ. 1998;158:1603 –7."
restraint_main,Wetli_1985,Restraint (Main Article),Cocaine-induced psychosis and sudden death in recreational cocaine users,Wetli CV,1985,1,citation,"Wetli CV, Fishbain D. Cocaine-induced psychosis and sudden death in recreational cocaine users. J Forensic Sci. 1985;30:873 – 80.9. Di Maio TG, Di Maio VJ. Excited delirium syndrome cause of death and prevention. Boca Raton: CRC Press, Taylor & Francis;"
restraint_main,10._2013,Restraint (Main Article),"Gordon C, Schmelzer M",10.,2013,1,citation,"10. Gordon C, Schmelzer M. Care of the patient in excited delirium. J Emerg Nurs. 2013;39:190 –6."
restraint_main,Karch_1999,Restraint (Main Article),Drug abusers who die during arrest or in custody,Karch SB,1999,1,citation,"Karch SB, Stephens BG. Drug abusers who die during arrest or in custody. J R Soc Med. 1999;92:12 –5."
restraint_main,Otahbachi_2010,Restraint (Main Article),"Excited delirium, restraints, and unexpected death: a review of pathogenesis",Otahbachi M,2010,1,citation,"Otahbachi M, Cevik C, Bagdure S, Nugent K. Excited delirium, restraints, and unexpected death: a review of pathogenesis. Am J Forensic Med Pathol. 2010;31:107 –12."
restraint_main,Byard_2020,Restraint (Main Article),The relationship between positional asphyxia and in- creasing body mass index,Byard RW,2020,1,citation,Byard RW. The relationship between positional asphyxia and in- creasing body mass index. Legal Med. 2020;43:101678.
restraint_main,Stratton_2001,Restraint (Main Article),Factors associated with sudden death of individuals requiring re- straint for excited delirium,Stratton S,2001,1,citation,"Stratton S, Rogers C, Brickett K, Grunzinski G. Factors associated with sudden death of individuals requiring re- straint for excited delirium. Am J Emerg Med. 2001;19: 187–91."
restraint_main,Southall_2008,Restraint (Main Article),"Police custody deaths in Maryland, USA: an examination of 45 cases",Southall PE,2008,1,citation,"Southall PE, Grant JR, Fowler DR, Scott SR. Police custody deaths in Maryland, USA: an examination of 45 cases. J Forensic Legal Med. 2008;15:227 –30."
restraint_main,Sullivan_Unknown,Restraint (Main Article),Death by excited delirium: diagnosis or coverup?,Sullivan L,Unknown,1,citation,Sullivan L. Death by excited delirium: diagnosis or coverup?
restraint_main,https://www.npr.org/templates/story/story.php?storyId=_7608,Restraint (Main Article),npr,https://www.npr.org/templates/story/story.php?storyId=,2020,1,citation,https://www.npr.org/templates/story/story.php?storyId= 7608386 . Accessed 23 April 2020.
restraint_main,Ranson_2012,Restraint (Main Article),Excited delirium syndrome: a political diagnosis? J Law Med,Ranson D,2012,1,citation,Ranson D. Excited delirium syndrome: a political diagnosis? J Law Med. 2012;19:667 –72.
restraint_main,Vilke_2012,Restraint (Main Article),Excited delirium syndrome (ExDS): defining based on a review of the literature,Vilke GM,2012,1,citation,"Vilke GM, Debard ML, Chan TC, Ho JD, Dawes DM, Hall C, et al. Excited delirium syndrome (ExDS): defining based on a review of the literature. J Emerg Med. 2012;43:897 –905."
restraint_main,Imam_2013,Restraint (Main Article),Bath salts intoxication: a case series,Imam SF,2013,1,citation,"Imam SF, Patel H, Mahmoud M, Prakash NA, King MS, Fremont RD. Bath salts intoxication: a case series. J Emerg Med. 2013;45: 361–5."
restraint_main,Storey_2012,Restraint (Main Article),Explaining the unexplainable: excited delirium syn- drome and its impact on the objective reasonable...,Storey M,2012,1,citation,Storey M. Explaining the unexplainable: excited delirium syn- drome and its impact on the objective reasonableness standard for allegations of excessive force. St Louis Univ Law J. 2012;56:633 –63.
restraint_main,Gonin_2018,Restraint (Main Article),Excited delirium: a systematic review,Gonin P,2018,1,citation,"Gonin P, Beysard N, Yersin B, Carron P. Excited delirium: a systematic review. Acad Emerg Med. 2018;25:552 –65."
restraint_main,Moher_2009,Restraint (Main Article),Preferred reporting items for systematic reviews and meta-analyses: the PRISMA statement,Moher D,2009,1,citation,"Moher D, Liberati A, Tetzlaff J, Altman D, Group TP. Preferred reporting items for systematic reviews and meta-analyses: the PRISMA statement. BMJ Open. 2009;339:b2535."
restraint_main,Price_Unknown,Restraint (Main Article),"EMS, crime scene responsibility",Price T,Unknown,1,citation,"Price T, O ’Neill RM. EMS, crime scene responsibility. StatPearls"
restraint_main,24._2014,Restraint (Main Article),"Aberegg S, Erickson B, Cowan M",24.,2014,1,citation,"24. Aberegg S, Erickson B, Cowan M. A 26-year-old man with sub- stance abuse, agitation, and pneumomediastinum. J Lung Pulm Respir Res. 2014;1:1 –3."
restraint_main,Alciati_1999,Restraint (Main Article),Three cases of delirium after “ecstasy ”ingestion,Alciati A,1999,1,citation,"Alciati A, Scaramelli B, Fusi A, Butteri E, Cattaneo ML, Mellado C. Three cases of delirium after “ecstasy ”ingestion. J Psychoactive Drugs. 1999;31:167 –70."
restraint_main,Atherton_2019,Restraint (Main Article),n-Ethyl pentylone- related deaths in Alabama,Atherton D,2019,1,citation,"Atherton D, Dye D, Robinson CA, Beck R. n-Ethyl pentylone- related deaths in Alabama. J Forensic Sci. 2019;64:304 –8."
restraint_main,Benzer_2013,Restraint (Main Article),Case 40-2013: a 36-year-old man with agitation and paranoia,Benzer TI,2013,1,citation,"Benzer TI, Nejad SH, Flood JG. Case 40-2013: a 36-year-old man with agitation and paranoia. N Engl J Med. 2013;369:2536 –45."
restraint_main,Blaho_2000,Restraint (Main Article),Cocaine metabolism in hyperthermic patients with excited deliri- um,Blaho K,2000,1,citation,"Blaho K, Winbery S, Park L, Logan B, Karch SB, Barker LA. Cocaine metabolism in hyperthermic patients with excited deliri- um. J Clin Forensic Med. 2000;7:71 –6."
restraint_main,Bozeman_2013,Restraint (Main Article),Long QT syndrome unmasked in an adult subject presenting with excited delirium,Bozeman WP,2013,1,citation,"Bozeman WP, Ali K, Winslow JE. Long QT syndrome unmasked in an adult subject presenting with excited delirium. J Emerg Med. 2013;44:e207 –10."
restraint_main,Bunai_2008,Restraint (Main Article),Fatal hyperthermia asso- ciated with excited delirium during an arrest,Bunai Y,2008,1,citation,"Bunai Y, Akaza K, Jiang WX, Nagai A. Fatal hyperthermia asso- ciated with excited delirium during an arrest. Legal Med. 2008;10: 306–9."
restraint_main,Burnett_2012,Restraint (Main Article),Laryngospasm and hypoxia after intramuscular administration of ketamine to a patient in excited deli...,Burnett AM,2012,1,citation,"Burnett AM, Watters BJ, Barringer KW, Griffith KR, Frascone RJ. Laryngospasm and hypoxia after intramuscular administration of ketamine to a patient in excited delirium. Prehospital Emerg Care. 2012;16:412 –4.690 Forensic Sci Med Pathol (2020) 16:680–692"
restraint_main,Byard_2016,Restraint (Main Article),Blunt craniofacial trauma as a manifestation of excited delirium caused by new psychoactive substanc...,Byard R,2016,1,citation,"Byard R, Cox M, Stockham P. Blunt craniofacial trauma as a manifestation of excited delirium caused by new psychoactive substances. J Forensic Sci. 2016;61:1546 –8."
restraint_main,Corstens_2018,Restraint (Main Article),Excited delirium syndrome after withdrawal from 10 days long recreationally used GHB,Corstens D,2018,1,citation,Corstens D. Excited delirium syndrome after withdrawal from 10 days long recreationally used GHB. J Forensic Legal Med. 2018;54:74 –5.
restraint_main,Daugherty_2012,Restraint (Main Article),Acceptance and recognition of excited delirium by law enforcement agencies,Daugherty J,2012,1,citation,Daugherty J. Acceptance and recognition of excited delirium by law enforcement agencies. 2012. http://hdl.handle.net/20.500. 11875/1819 . Accessed 23 April 2020.
restraint_main,Debelmas_2018,Restraint (Main Article),Case 251: nontraumatic drug-associated rhabdomyolysis of head and neck muscles,Debelmas A,2018,1,citation,"Debelmas A, Benchetrit D, Galanaud D, Khonsari RH. Case 251: nontraumatic drug-associated rhabdomyolysis of head and neck muscles. Radiology. 2018;286:1088 –92."
restraint_main,Desharnais_2017,Restraint (Main Article),"A case of fatal idiosyncratic reaction to the designer drug 3,4- methylenedioxypyrovalerone (MDPV) a...",Desharnais B,2017,1,citation,"Desharnais B, Dazé Y, Huppertz LM, Mireault P, Skinner CD. A case of fatal idiosyncratic reaction to the designer drug 3,4- methylenedioxypyrovalerone (MDPV) and review of the litera- ture. Forensic Sci Med Pathol. 2017;13:350 –4."
restraint_main,Downes_2015,Restraint (Main Article),Acute behavioural disturbance associated with phenibut pur- chased via an internet supplier,Downes MA,2015,1,citation,"Downes MA, Berling IL, Mostafa A, Grice J, Roberts MS, Isbister GK. Acute behavioural disturbance associated with phenibut pur- chased via an internet supplier. Clin Toxicol. 2015;53:636 –8."
restraint_main,Dyer_2001,Restraint (Main Article),Gamma-hydroxybutyrate withdrawal syndrome,Dyer JE,2001,1,citation,"Dyer JE, Roth B, Hyma BA. Gamma-hydroxybutyrate withdrawal syndrome. Ann Emerg Med. 2001;37:147 –53."
restraint_main,Feeney_2010,Restraint (Main Article),Acute agitated delirious state associated with taser exposure,Feeney C,2010,1,citation,"Feeney C, Vu J, Ani C. Acute agitated delirious state associated with taser exposure. J Natl Med Assoc. 2010;102:1254 –7."
restraint_main,Fishbain_1981,Restraint (Main Article),"Cocaine intoxication, delirium, and death in a body packer",Fishbain D,1981,1,citation,"Fishbain D, Wetli C. Cocaine intoxication, delirium, and death in a body packer. Ann Emerg Med. 1981;10:531 –2."
restraint_main,Ho_2012,Restraint (Main Article),Successful management of excited delirium syndrome with prehospital ketamine: two case examples,Ho JD,2012,1,citation,"Ho JD, Smith SW, Nystrom PC, Dawes DM, Orozco BS, Cole JB, et al. Successful management of excited delirium syndrome with prehospital ketamine: two case examples. Prehospital Emerg Care. 2012;17:274 –9."
restraint_main,Jovel_2014,Restraint (Main Article),Delirium due to intoxica- tion from the novel synthetic tryptamine 5-meo-dalt,Jovel A,2014,1,citation,"Jovel A, Felthous A, Bhattacharyya A. Delirium due to intoxica- tion from the novel synthetic tryptamine 5-meo-dalt. J Forensic Sci. 2014;59:844 –6."
restraint_main,Kasick_2012,Restraint (Main Article),“Bath salt ”ingestion lead- ing to severe intoxication delirium: two cases and a brief review of the...,Kasick DP,2012,1,citation,"Kasick DP, McKnight CA, Klisovic E. “Bath salt ”ingestion lead- ing to severe intoxication delirium: two cases and a brief review of the emergence of mephedrone use. Am J Drug Alcohol Abuse. 2012;38:176 –80."
restraint_main,Kennedy_2017,Restraint (Main Article),Delayed in-custody death involving excited delirium,Kennedy DB,2017,1,citation,"Kennedy DB, Savard DM. Delayed in-custody death involving excited delirium. J Correct Heal Care. 2017;24:43 –51."
restraint_main,Kesha_2013,Restraint (Main Article),Methylenedioxypyrovalerone ( “bath salts ”) related death: case report and review of the literature,Kesha K,2013,1,citation,"Kesha K, Boggs CL, Ripple MG, Allan CH, Levine B, Jufer- Phipps R, et al. Methylenedioxypyrovalerone ( “bath salts ”) related death: case report and review of the literature. J Forensic Sci. 2013;58:1654 –9."
restraint_main,Kiely_2009,Restraint (Main Article),A fatality from an oral ingestion of methamphetamine,Kiely E,2009,1,citation,"Kiely E, Lee CJ, Marinetti L. A fatality from an oral ingestion of methamphetamine. J Anal Toxicol. 2009;33:557 –60."
restraint_main,Kodikara_2012,Restraint (Main Article),“Excited delirium syn- drome ”: Is it a cause of death? Legal Med,Kodikara S,2012,1,citation,"Kodikara S, Cunningham K, Pollanen MS. “Excited delirium syn- drome ”: Is it a cause of death? Legal Med. 2012;14:252 –4."
restraint_main,Kowalski_2017,Restraint (Main Article),A novel agent for management of agitated delirium,Kowalski JM,2017,1,citation,"Kowalski JM, Kopec KT, Lavelle J, Osterhoudt K. A novel agent for management of agitated delirium. Pediatr Emerg Care. 2017;33:e58 –62."
restraint_main,Kristofic_2016,Restraint (Main Article),Detection of 25C-NBOMe in three related cases,Kristofic JJ,2016,1,citation,"Kristofic JJ, Chmiel JD, Jackson GF, Vorce SP, Holler JM, Robinson SL, et al. Detection of 25C-NBOMe in three related cases. J Anal Toxicol. 2016;40:466 –72."
restraint_main,Kunz_2018,Restraint (Main Article),Restraint-related as- phyxia on the basis of a drug-induced excited delirium,Kunz SN,2018,1,citation,"Kunz SN, Þórðardóttir S, Rúnarsdóttir R. Restraint-related as- phyxia on the basis of a drug-induced excited delirium. Forensic Sci Int. 2018;288:e5 –9."
restraint_main,Labay_2016,Restraint (Main Article),Synthetic cannabinoid drug use as a cause or contribu- tory cause of death,Labay LM,2016,1,citation,"Labay LM, Caruso JL, Gilson TP, Phipps RJ, Knight LD, Lemos NP, et al. Synthetic cannabinoid drug use as a cause or contribu- tory cause of death. Forensic Sci Int. 2016;260:31 –9."
restraint_main,Lucena_2010,Restraint (Main Article),Cocaine-related sudden death: a prospective investigation in south-West Spain,Lucena J,2010,1,citation,"Lucena J, Blanco M, Jurado C, Rico A, Salguero M, Vazquez R, et al. Cocaine-related sudden death: a prospective investigation in south-West Spain. Eur Heart J. 2010;31:318 –29."
restraint_main,Lusthof_2011,Restraint (Main Article),A case of extreme agitation and death after the use of mephedrone in the Netherlands,Lusthof KJ,2011,1,citation,"Lusthof KJ, Oosting R, Maes A, Verschraagen M, Dijkhuizen A, Sprong AGA. A case of extreme agitation and death after the use of mephedrone in the Netherlands. Forensic Sci Int. 2011;206: e93–5.54. Maher PJ, Walsh M, Burns T, Strote J. Prehospital resuscitation of a man with excited delirium and cardiopulmonary arrest. Can J Emerg Med. 2014;16:80 –3."
restraint_main,Mash_2000,Restraint (Main Article),Serotonin transporters upregulate with chronic cocaine use,Mash DC,2000,1,citation,"Mash DC, Staley JK, Izenwasser S, Basile M, Ruttenber AJ. Serotonin transporters upregulate with chronic cocaine use. J Chem Neuroanat. 2000;20:271 –80."
restraint_main,McDaniel_2001,Restraint (Main Article),Gamma hydroxybutyrate (GHB) and gamma butyrolactone (GBL) withdrawal: five case studies,McDaniel,2001,1,citation,"McDaniel CH, Miotto KA. Gamma hydroxybutyrate (GHB) and gamma butyrolactone (GBL) withdrawal: five case studies. J Psychoactive Drugs. 2001;33:143 –9."
restraint_main,Menaker_2011,Restraint (Main Article),Cocaine-induced agitated delirium with associated hy- perthermia: a case report,Menaker J,2011,1,citation,"Menaker J, Farcy DA, Boswell SA, Stein DM, Dutton RP, Hess JR, et al. Cocaine-induced agitated delirium with associated hy- perthermia: a case report. J Emerg Med. 2011;41:e49 –53."
restraint_main,Miller_1998,Restraint (Main Article),A restraint asphyxia “near-death ”case study,Miller C,1998,1,citation,Miller C. A restraint asphyxia “near-death ”case study. Restraint Asphyxia Newz Dir. 1998;1998:1 –17.
restraint_main,Mirchandani_1994,Restraint (Main Article),"Cocaine- induced agitated delirium, forceful struggle, and minor head inju- ry",Mirchandani H,1994,1,citation,"Mirchandani H, Rorke L, Sekula-Perlman A, Hood I. Cocaine- induced agitated delirium, forceful struggle, and minor head inju- ry. Am J Forensic Med Pathol. 1994;15:95 –9."
restraint_main,Morrison_2001,Restraint (Main Article),Death of a psychiatric patient during phys- ical restraint,Morrison A,2001,1,citation,"Morrison A, Sadler D. Death of a psychiatric patient during phys- ical restraint. Excited delirium - a case report. Med Sci Law. 2001;41:46 –50."
restraint_main,Murphy_2012,Restraint (Main Article),“Bath salts ” and “plant food ”products: the experience of one regional US poison center,Murphy CM,2012,1,citation,"Murphy CM, Dulaney AR, Beuhler MC, Kacinko S. “Bath salts ” and “plant food ”products: the experience of one regional US poison center. J Med Toxicol. 2012;9:42 –8."
restraint_main,Murray_2012,Restraint (Main Article),"Death following recrea- tional use of designer drug “bath salts ”containing 3,4- Methylenedioxypyrov...",Murray BL,2012,1,citation,"Murray BL, Murphy CM, Beuhler MC. Death following recrea- tional use of designer drug “bath salts ”containing 3,4- Methylenedioxypyrovalerone (MDPV). J Med Toxicol. 2012;8: 69–75."
restraint_main,O_1993,Restraint (Main Article),Restraint asphyxiation in excited delirium,O,1993,1,citation,"O ’Halloran RL, Lewman LV. Restraint asphyxiation in excited delirium. Am J Forensic Med Pathol. 1993;14:289 –95."
restraint_main,O_2000,Restraint (Main Article),Asphyxial death during prone restraint revisited: a report of 21 cases,O,2000,1,citation,"O ’Halloran RL, Frank JG. Asphyxial death during prone restraint revisited: a report of 21 cases. Am J Forensic Med Pathol. 2000;21:39 –52."
restraint_main,Park_2001,Restraint (Main Article),Agitated delirium and sudden death: two case reports,Park K,2001,1,citation,"Park K, Korn C, Henderson SO. Agitated delirium and sudden death: two case reports. Prehospital Emerg Care. 2001;5:214 –6."
restraint_main,Penders_2012,Restraint (Main Article),Intoxication delirium following use of synthetic cathinone derivatives,Penders TM,2012,1,citation,"Penders TM, Gestring RE, Vilensky DA. Intoxication delirium following use of synthetic cathinone derivatives. Am J Drug Alcohol Abuse. 2012;38:616 –7."
restraint_main,Pestaner_2003,Restraint (Main Article),Sudden death during arrest and phency- clidine intoxication,Pestaner JP,2003,1,citation,"Pestaner JP, Southall PE. Sudden death during arrest and phency- clidine intoxication. Am J Forensic Med Pathol. 2003;24:119 –22."
restraint_main,Plush_2015,Restraint (Main Article),Cocaine-induced agitated delirium: a case report and review,Plush T,2015,1,citation,"Plush T, Shakespeare W, Jacobs D, Ladi L, Sethi S, Gasperino J. Cocaine-induced agitated delirium: a case report and review. J Intensive Care Med. 2015;30:49 –57."
restraint_main,Pritchard_2014,Restraint (Main Article),Ketamine sedation during air medical retrieval of an agitated patient,Pritchard A,2014,1,citation,"Pritchard A, Le Cong M. Ketamine sedation during air medical retrieval of an agitated patient. Air Med J. 2014;33:76 –7."
restraint_main,Rayamane_2015,Restraint (Main Article),Case-series on death of physically restrained patients in de- addiction centers due to excit ed deli...,Rayamane A,2015,1,citation,"Rayamane A, Thejaswi H, Pradeepkumar M, Patra AP, Shaha KK. Case-series on death of physically restrained patients in de- addiction centers due to excit ed delirium syndrome. JIST. 2015;11:34 –7."
restraint_main,Reichmuth_2015,Restraint (Main Article),Unintentional baclofen intox- ication in the management of alcohol use disorder,Reichmuth P,2015,1,citation,"Reichmuth P, Blanc AL, Tagan D. Unintentional baclofen intox- ication in the management of alcohol use disorder. BMJ Case Rep. 2015;Online Pub:1 –3."
restraint_main,Ruttenber_1999,Restraint (Main Article),Cocaine-associated rhab- domyolysis and excited delirium: different stages of the same syndrome,Ruttenber AJ,1999,1,citation,"Ruttenber AJ, McAnally HB, Wetli CV. Cocaine-associated rhab- domyolysis and excited delirium: different stages of the same syndrome. Am J Forensic Med Pathol. 1999;20:120 –7."
restraint_main,Samuel_2009,Restraint (Main Article),Excited delirium: consider- ation of selected medical and psychiatric issues,Samuel E,2009,1,citation,"Samuel E, Williams RB, Ferrell RB. Excited delirium: consider- ation of selected medical and psychiatric issues. Neuropsychiatr Dis Treat. 2009;5:61 –6."
restraint_main,Scaggs_2016,Restraint (Main Article),Prehospital ketamine is a safe and effective treatment for excited delirium in a community hospital ...,Scaggs TR,2016,1,citation,"Scaggs TR, Glass DM, Hutchcraft MG, Weir WB. Prehospital ketamine is a safe and effective treatment for excited delirium in a community hospital based EMS system. Prehosp Disaster Med. 2016;31:563 –9."
restraint_main,Schiavone_2016,Restraint (Main Article),The role of the NADPH oxidase derived brain oxidative stress in the cocaine-related death associated...,Schiavone S,2016,1,citation,"Schiavone S, Neri M, Mhillaj E, Pomara C, Trabace L, Turillazzi E. The role of the NADPH oxidase derived brain oxidative stress in the cocaine-related death associated with excited delirium: a literature review. Toxicol Lett. 2016;258:29 –35.691 Forensic Sci Med Pathol (2020) 16:680–692"
restraint_main,Shields_2015,Restraint (Main Article),Sudden death due to acute cocaine toxicity-excited delirium in a body packer,Shields LBE,2015,1,citation,"Shields LBE, Rolf CM, Hunsaker JC. Sudden death due to acute cocaine toxicity-excited delirium in a body packer. J Forensic Sci. 2015;60:1647 –51."
restraint_main,Śliwicka_2019,Restraint (Main Article),Three postmor- tem case reports of the excited delirium syndrome –A short com- parison,Śliwicka,2019,1,citation,"Śliwicka O, Szatnera K, Borowska –Solonynko A. Three postmor- tem case reports of the excited delirium syndrome –A short com- parison. J Forensic Leg Med. 2019;66:134 –7."
restraint_main,Stratton_1995,Restraint (Main Article),Sudden death in individuals in hobble restraints during paramedic transport,Stratton SJ,1995,1,citation,"Stratton SJ, Rogers C, Green K. Sudden death in individuals in hobble restraints during paramedic transport. Ann Emerg Med. 1995;25:710 –2."
restraint_main,Sztajnkrycer_2005,Restraint (Main Article),"Cocaine, excited delirium and sudden unexpected death",Sztajnkrycer MD,2005,1,citation,"Sztajnkrycer MD, Baez AA. Cocaine, excited delirium and sudden unexpected death. Emerg Med Serv. 2005;34:77 –81."
restraint_main,Wiebe_2008,Restraint (Main Article),Angel ’st r u m p e t( D a t u r as t r a m o - nium) poisoning and delirium,Wiebe T,2008,1,citation,"Wiebe T, Sigurdson E, Katz L. Angel ’st r u m p e t( D a t u r as t r a m o - nium) poisoning and delirium. Paediatr Child Heal. 2008;13:193 –"
restraint_main,81._2018,Restraint (Main Article),"Cole JB, Klein LR, Nystrom PC, Moore JC, Driver BE, Fryza BJ, et al",81.,2018,1,citation,"81. Cole JB, Klein LR, Nystrom PC, Moore JC, Driver BE, Fryza BJ, et al. A prospective study of ketamine as primary therapy for prehospital profound agitation. Am J Emerg Med. 2018;36:789 –"
restraint_main,82._2016,Restraint (Main Article),"Ezaki J, Ro A, Hasegawa M, Kibayashi K",82.,2016,1,citation,"82. Ezaki J, Ro A, Hasegawa M, Kibayashi K. Fatal overdose from synthetic cannabinoids and cathinones in Japan: demographics and autopsy findings. Am J Drug Alcohol Abuse. 2016;42:520 –9."
restraint_main,Grant_2009,Restraint (Main Article),Excited delirium deaths in custody: past and present,Grant JR,2009,1,citation,"Grant JR, Southall PE, Mealey J, Scott SR, Fowler DR. Excited delirium deaths in custody: past and present. Am J Forensic Med Pathol. 2009;30:1 –5."
restraint_main,Gray_2007,Restraint (Main Article),Amphetamine-related presentations to an inner-city tertiary emer- gency department: a prospective ev...,Gray SD,2007,1,citation,"Gray SD, Fatovich DM, Mccoubrie DL, Daly FF, Medical T. Amphetamine-related presentations to an inner-city tertiary emer- gency department: a prospective evaluation. Med J Aust. 2007;186:336 –9."
restraint_main,Ho_2009,Restraint (Main Article),Unexpected arrest-related deaths in America: 12 months of open source surveillance,Ho JD,2009,1,citation,"Ho JD, Heegaard WG, Dawes DM, Natarajan S, Reardon R, Miner JR. Unexpected arrest-related deaths in America: 12 months of open source surveillance. West J Emerg Med. 2009;10:68 –73."
restraint_main,Li_2019,Restraint (Main Article),Evaluation of ketamine for excited delirium syndrome in the adult emergency department,Li M,2019,1,citation,"Li M, Martinelli AN, Oliver WD, Wilkerson RG. Evaluation of ketamine for excited delirium syndrome in the adult emergency department. J Emerg Med. 2019. https://doi.org/10.1016/j. jemermed.2019.09.019 ."
restraint_main,Michaud_2004,Restraint (Main Article),Restraint related deaths and excited delirium syndrome in Ontario (2004-2011),Michaud A,2004,1,citation,Michaud A. Restraint related deaths and excited delirium syndrome in Ontario (2004-2011). J Forensic Legal Med. 2016;41:30 –5.
restraint_main,Miner_2018,Restraint (Main Article),The characteristics and prevalence of agitation in an urban county emergency department,Miner JR,2018,1,citation,"Miner JR, Klein LR, Cole JB, Driver BE, Moore JC, Ho JD. The characteristics and prevalence of agitation in an urban county emergency department. Ann Emerg Med. 2018;72:361 –70."
restraint_main,Mo_2020,Restraint (Main Article),Ketamine safety and use in the emergency department for pain and agitation / delirium : A health sys...,Mo H,2020,1,citation,"Mo H, Campbell MJ, Lam SW, Wells EJ, Casserly E, Meldon SW. Ketamine safety and use in the emergency department for pain and agitation / delirium : A health system experience 2020;21:10 –2."
restraint_main,Ross_1998,Restraint (Main Article),Factors associated with excited delirium deaths in police custody,Ross DL,1998,1,citation,"Ross DL. Factors associated with excited delirium deaths in police custody. Mod Pathol. 1998;11:1127 –37.91. Ruttenber AJ, Lawler-Heavner J, Yin M, Wetli CV, Hearn WL, Mash DC. Fatal excited delirium following cocaine use: epidemi- ologic findings provide new evidence for mechanisms of cocaine toxicity. J Forensic Sci. 1997;42:14064J."
restraint_main,Strote_2014,Restraint (Main Article),Medical con- ditions and restraint in patients experiencing excited delirium,Strote J,2014,1,citation,"Strote J, Walsh M, Auerbach D, Burns T, Maher P. Medical con- ditions and restraint in patients experiencing excited delirium. Am J Emerg Med. 2014;32:1093 –6."
restraint_main,Strote_2006,Restraint (Main Article),Taser use in restraint-related deaths,Strote J,2006,1,citation,"Strote J, Hutson HR. Taser use in restraint-related deaths. Prehospital Emerg Care. 2006;10:447 –50."
restraint_main,Vilke_2019,Restraint (Main Article),EXCITATION study: unexplained in-custody deaths: eval- uating biomarkers of stress and agitation,Vilke GM,2019,1,citation,"Vilke GM, Mash DC, Pardo M, Bozeman W, Hall C, Sloane C, et al. EXCITATION study: unexplained in-custody deaths: eval- uating biomarkers of stress and agitation. J Forensic Legal Med. 2019;66:100 –6."
restraint_main,Meth_2020,Restraint (Main Article),https:// drugabuse,Meth F,2020,1,citation,"Meth Facts, History and Statistics | Dangers and Legality. https:// drugabuse.com/methamphetamine/history-statistics/ . Accessed 23 April 2020."
restraint_main,State_1722,Restraint (Main Article),DOT HS 809 642,State,2020,1,citation,State of knowledge of drug impaired driving. DOT HS 809 642. https://rosap.ntl.bts.gov/view/dot/1722 . Accessed 23 April 2020.
restraint_main,DeBard_2009,Restraint (Main Article),White paper report on excited delirium syn- drome,DeBard,2009,1,citation,"DeBard ML, Adler J, Bozeman WP, Chan TC, Coffman SR, Costello MW, et al. White paper report on excited delirium syn- drome. Am Coll Emerg Physicians. 2009. https://www. prisonlegalnews.org/media/ publications/a cep_report_on_ excited_delirium_syndrome_sept_2009.pdf . Accessed 23 April"
restraint_main,98._2007,Restraint (Main Article),"Barnett JH, Werners U, Secher SM, Hill KE, Brazil R, Masson K, et al",98.,2007,1,citation,"98. Barnett JH, Werners U, Secher SM, Hill KE, Brazil R, Masson K, et al. Substance use in a population-based clinic sample of people with first-episode psychosis. Br J Psychiatry. 2007;190:515 –20."
restraint_main,Chan_1997,Restraint (Main Article),Restraint position and positional asphyxia,Chan TC,1997,1,citation,"Chan TC, Vilke GM, Neuman T, Clausen JL. Restraint position and positional asphyxia. Ann Emerg Med. 1997;30:578 –86."
restraint_main,Chan_2004,Restraint (Main Article),Weight force during prone restraint and respiratory function,Chan TC,2004,1,citation,"Chan TC, Neuman T, Clausen J, Eisele J, Vilke GM. Weight force during prone restraint and respiratory function. Am J Forensic Med Pathol. 2004;25:185 –9."
restraint_main,Michalewicz_2007,Restraint (Main Article),Ventilatory and metabolic demands during aggres- sive physical restraint in healthy adults,Michalewicz BA,2007,1,citation,"Michalewicz BA, Chan TC, Vilke GM, Levy SS, Neuman TS, Kolkhorst FW. Ventilatory and metabolic demands during aggres- sive physical restraint in healthy adults. J Forensic Sci. 2007;52: 171–5."
restraint_main,Savaser_2013,Restraint (Main Article),The effect of the prone maximal restraint position with and without weight force on cardiac output a...,Savaser DJ,2013,1,citation,"Savaser DJ, Campbell C, Castillo EM, Vilke GM, Sloane C, Neuman T, et al. The effect of the prone maximal restraint position with and without weight force on cardiac output and other hemo- dynamic measures. J Forensic Legal Med. 2013;20:991 –5."
restraint_main,Healthcare_2019,Restraint (Main Article),2019,Healthcare C,2019,1,citation,Healthcare Cost and Utilization Project (HCUP). 2019. https:// www.hcup-us.ahrq.gov . Accessed 23 April 2020. Publisher ’sn o t e Springer Nature remains neutral with regard to jurisdic- tional claims in published maps and institutional affiliations.692 Forensic Sci Med Pathol (2020) 16:680–692
restraint_main,Acceptance_2012,Restraint (Main Article),2012,Acceptance,2012,1,citation,Acceptance and recognition of excited delirium by law enforcement agencies. 2012. http://hdl.
restraint_main,J_2019,Restraint (Main Article),2019,J,2019,1,citation,J Emerg Med. 2019. https://doi.
restraint_main,Am_2009,Restraint (Main Article),2009,Am C,2009,1,citation,Am Coll Emerg Physicians. 2009. https://www.
